genotypes,sample_0
0,0.29433552923881584
1,0.5459032247343675
2,0.06932491475746688
3,0.0904363312693499
