genotypes,sample_0
0,0.6151722935566427
1,0.22155729142159844
2,0.04445986324155945
3,0.08795572396796306
4,0.030854827812236425
