genotypes,sample_0
0,0.3250945395673123
1,0.11821765818809794
2,0.1335178862174965
3,0.404837454506732
4,0.01833246152036127
