genotypes,sample_0
0,0.4908956354150292
1,0.49174525814839276
2,0.014181575415238857
3,0.00317753102133925
