genotypes,sample_0
0,0.44554209252300925
1,0.4872786915689601
2,0.017805930534261605
3,0.04937328537376909
