genotypes,sample_0
0,0.30832174045765676
1,0.12047166374216531
2,0.13937889270035664
3,0.399756220709743
4,0.032071482390078336
