genotypes,sample_0
0,0.47577778778435587
1,0.4902564026219152
2,0.015389693788246438
3,0.01857611580548253
