genotypes,sample_0
0,0.3167081400124846
1,0.11934466096513163
2,0.1364483894589266
3,0.4022968376082375
4,0.025201971955219806
