genotypes,sample_0
0,0.33348093912214016
1,0.11709065541106427
2,0.13058738297606642
3,0.40737807140522647
4,0.011462951085502738
