genotypes,sample_0
0,0.4606599401536826
1,0.4887675470954377
2,0.01659781216125402
3,0.03397470058962581
